{
  "version": 1,
  "author": "Bahar Bayat",
  "editor": "wokwi",
  "parts": [
    { "type": "board-esp32-devkit-c-v4", "id": "esp", "top": 124.8, "left": -71.96, "attrs": {} },
    { "type": "wokwi-dht22", "id": "dht1", "top": -28.5, "left": -43.8, "attrs": {} }
  ],
  "connections": [
    [ "esp:TX", "$serialMonitor:RX", "", [] ],
    [ "esp:RX", "$serialMonitor:TX", "", [] ],
    [ "esp:3V3", "dht1:VCC", "green", [ "h0" ] ],
    [ "dht1:GND", "esp:GND.2", "black", [ "v0" ] ],
    [ "dht1:SDA", "esp:4", "green", [ "v0" ] ]
  ],
  "dependencies": {}
}